,DB,PC,CE,AC
0,0.6692465823103246,0.6750962187983841,0.3954917866049323,0.8933333333333333
